[
  {
    "id": "womens-clothing-section",
    "name": "Women's Clothing",
    "image": "images/p2.jpg"
  },
  {
    "id": "shirts-section",
    "name": "Shirts & Tops",
    "image": "images/tops.jpg"
  },
  {
    "id": "suits-section",
    "name": "Men's Suits",
    "image": "images/men's suit.jpg"
  },
  {
    "id": "tibeb-section",
    "name": "Tibeb Artistry",
    "image": "images/hero2.jpg"
  },
  {
    "id": "trousers-section",
    "name": "Trousers",
    "image": "images/trousers.jpg"
  },
  {
    "id": "jackets-section",
    "name": "Jackets",
    "image": "images/jackets.jpg"
  },
  {
    "id": "accessories-section",
    "name": "Accessories",
    "image": "https://placehold.co/400x300/D3BBAA/6B4F3E?text=Accessories"
  },
  {
    "id": "tech-accessories-section",
    "name": "Tech Accessories",
    "image": "https://placehold.co/400x300/78909C/FFFFFF?text=Tech+Gear"
  },
  {
    "id": "shoes-section",
    "name": "Shoes",
    "image": "images/shose.jpg"
  },
  {
    "id": "medical-equipment-section",
    "name": "Medical Equipment",
    "image": "https://placehold.co/400x300/00ACC1/FFFFFF?text=Medical"
  },
  {
    "id": "furniture-section",
    "name": "Furniture",
    "image": "https://placehold.co/400x300/8D6E63/FFFFFF?text=Furniture"
  },
  {
    "id": "cars-and-car-accessories-section",
    "name": "Cars and Car Accessories",
    "image": "https://placehold.co/400x300/546E7A/FFFFFF?text=Cars"
  },
  {
    "id": "animal-related-products-section",
    "name": "Animal-related Products",
    "image": "https://placehold.co/400x300/689F38/FFFFFF?text=Pets"
  }
]
